habitat,prop_endemic
Marine,0.694542004763635
Terrestrial,0.428594222371515
Riverine,0.456758231452589
