"","Sum.Sq","Mean.Sq","Df","F","Pr..F.","R2"
"trophic",24.3757846654456,4.87515693308911,5,12.7033596563131,0.000999000999000999,0.0363349711519289
"site_code",20.7293720088226,1.59456707760174,13,4.1550168252852,0.000999000999000999,0.0308995646407186
"habitat",9.94873103250353,4.97436551625177,2,12.961870783279,0.000999000999000999,0.014829752560817
"trophic:site_code",33.0367220797312,0.734149379549583,51,1.91299761994903,0.000999000999000999,0.0492451160115049
"trophic:habitat",10.6222591178183,2.65556477945457,4,6.91969406258139,0.000999000999000999,0.0158337253102407
"site_code:habitat",9.12083905536713,1.52013984256119,6,3.96107928687944,0.000999000999000999,0.0135956822931712
"Residuals",509.645368020805,0.383769102425305,1328,NA,NA,0.759686303391114
"Total",670.862915055638,NA,1409,NA,NA,1
