"","Sum.Sq","Mean.Sq","Df","F","Pr..F.","R2"
"empo_3",67.2737722888996,6.11579748080905,11,17.3403216729103,0.000999000999000999,0.142441301662954
"site_code",11.3249457428849,1.88749095714748,6,5.3516651678461,0.000999000999000999,0.0239787358132885
"habitat",4.94608358652305,4.94608358652305,1,14.0237934105146,0.000999000999000999,0.0104725297872788
"empo_3:site_code",43.9481463074746,0.757726660473701,58,2.14840731302566,0.000999000999000999,0.0930530718394627
"empo_3:habitat",4.18191173984764,2.09095586992382,2,5.92855592457299,0.000999000999000999,0.00885451984326698
"site_code:habitat",8.01832124607418,1.3363868743457,6,3.78910164264367,0.000999000999000999,0.0169774947439804
"Residuals",324.476891979132,0.352692273890361,920,NA,NA,0.687027191734921
"Total",472.291192958089,NA,1004,NA,NA,1
