"","Sum Sq","Mean Sq","Df","F","Pr(>F)"
"empo_3",18.5488907237657,4.63722268094143,4,12.3011806781964,0.001
"Residuals",93.8664732891083,0.376973788309672,249,NA,NA
"Total",112.415364012874,NA,253,NA,NA
