"","Sum Sq","Mean Sq","Df","F","Pr(>F)"
"empo_3",53.4945400709487,5.94383778566096,9,14.8537596402301,0.001
"Residuals",296.516431250569,0.400157127193751,741,NA,NA
"Total",350.010971321518,NA,750,NA,NA
