"","Sum Sq","Mean Sq","Df","F","Pr(>F)"
"empo_3",25.6859482377242,6.42148705943105,4,18.1867475177804,0.001
"Residuals",141.234424751387,0.353086061878467,400,NA,NA
"Total",166.920372989111,NA,404,NA,NA
