Habitat	ObservedRichness	ChaoEstRichness	PercentEst
Marine	94391	94391.032	99.9999660984743
Riverine	115700	115700.195	99.9998314609582
Terrestrial	159767	159767.115	99.9999280202312
All	321837	321837.14	99.9999564997377
