Trophic	ObservedRichness	ChaoEstRichness	PercentEst
Environmental	195555	195555.344	99.9998240907188
PrimaryProducer	138953	138953.258	99.999814326052
Consumer	124208	124208.437	99.9996481720481
All	321837	321837.14	99.9999564997377
